,car,bike
engine,0.5465254,0.7147168
gasoline,0.65008336,0.7469622
mountain,0.6142722,0.39423057
exercise,0.63033795,0.62669337
